{
	"spidergwen_theme": {
        "sounds": [
            "suit/spidergwen_theme"
        ],
        "category": "player"
    },
	"spectspidey_theme": {
        "sounds": [
            "suit/spectspidey_theme"
        ],
        "category": "player"
    },
	
	"call_for_backup": {
        "sounds": [
            "suit/call_for_backup"
        ],
        "category": "player"
    },
	
	"symbiote_transform": {
        "sounds": [
            "suit/symbiote_transform"
        ],
        "category": "player"
    },
	
	"noir_ballroom": {
        "sounds": [
            "suit/noir_ballroom"
        ],
        "category": "player"
    },
	
	"noir_wind": {
        "sounds": [
            "suit/noir_wind"
        ],
        "category": "player"
    },
	
	"lotus_main_theme": {
        "sounds": [
            "suit/lotus_main_theme"
        ],
        "category": "player"
    },
	
	"final_swing_theme": {
        "sounds": [
            "suit/final_swing_theme"
        ],
        "category": "player"
    }
}