{
	"spidergwen_theme": {
        "sounds": [
            "suit/spidergwen_theme"
        ],
        "category": "player"
    },
	"spectspidey_theme": {
        "sounds": [
            "suit/spectspidey_theme"
        ],
        "category": "player"
    },
	
	"call_for_backup": {
        "sounds": [
            "suit/call_for_backup"
        ],
        "category": "player"
    },
	
	"symbiote_transform": {
        "sounds": [
            "suit/symbiote_transform"
        ],
        "category": "player"
    }
}